"conf_uso_info","prom_online_compras"
0,34.33870967741935483900
1,30.47265625000000000000
2,31.40963855421686747000
3,41.14285714285714285700
