"tipo_redes","prom_preocup_info"
Privadas,62.6373626373626367
Publicas,44.1441441441441433
