"tiempo_diario","prom_online_compras"
2,33.83333333333333333300
3,23.92857142857142857100
4,31.46478873239436619700
7,29.71428571428571428600
9,36.10810810810810810800
