"resp_info","prom_confianza"
1,1.8857142857142857
2,2.2771084337349398
4,2.8620689655172414
3,2.3302752293577982
