"resp_leer_terminos","promedio_aceptar_terminos"
0,85.4166666666666667
1,78.1818181818181833
2,73.3333333333333333
3,77.7777777777777767
