resp_info,prom_confianza,
1,1.885714286,
2,2.277108434,
3,2.330275229,
4,2.862068966,
,,
,,
