"resp_aceptar_terminos","promedio_leer_terminos"
1,37.7777777777777767
2,34.4086021505376333
3,17.61904761904761904767
