"accion_cookies","prom_compartir_con_terceros"
Las aceptas,23.04526748971193415633
Las configuras,20.65727699530516431933
No las aceptas,17.39130434782608695667
