"resp_info","prom_confianza"
0,29.52380952380952380967
1,42.5702811244979933
2,44.3425076452599400
3,62.0689655172413800
