"extorsion_mensaje","?column?"
false,63.6815920398009967
true,60.0000000000000000
